uclust0100.w2.uc.cls;0.041667
uclust0100.w3.uc.cls;0.041667
uclust0100.w4.uc.cls;0.041667
uclust0100.w5.uc.cls;0.041667
uclust0105.w2.uc.cls;0.041667
uclust0105.w3.uc.cls;0.041667
uclust0105.w4.uc.cls;0.041667
uclust0105.w5.uc.cls;0.041667
uclust0110.w2.uc.cls;0.041667
uclust0110.w3.uc.cls;0.041667
uclust0110.w4.uc.cls;0.041667
uclust0110.w5.uc.cls;0.041667
uclust0115.w2.uc.cls;0.041667
uclust0115.w3.uc.cls;0.041667
uclust0115.w4.uc.cls;0.041667
uclust0115.w5.uc.cls;0.041667
uclust0120.w2.uc.cls;0.043362
uclust0120.w3.uc.cls;0.044046
uclust0120.w4.uc.cls;0.066480
uclust0120.w5.uc.cls;0.056121
uclust0125.w2.uc.cls;0.043362
uclust0125.w3.uc.cls;0.044046
uclust0125.w4.uc.cls;0.066480
uclust0125.w5.uc.cls;0.056121
uclust0130.w2.uc.cls;0.044301
uclust0130.w3.uc.cls;0.044975
uclust0130.w4.uc.cls;0.066581
uclust0130.w5.uc.cls;0.056236
uclust0135.w2.uc.cls;0.044301
uclust0135.w3.uc.cls;0.044975
uclust0135.w4.uc.cls;0.066581
uclust0135.w5.uc.cls;0.056236
uclust0140.w2.uc.cls;0.047798
uclust0140.w3.uc.cls;0.054190
uclust0140.w4.uc.cls;0.090898
uclust0140.w5.uc.cls;0.078905
uclust0145.w2.uc.cls;0.047798
uclust0145.w3.uc.cls;0.054190
uclust0145.w4.uc.cls;0.090898
uclust0145.w5.uc.cls;0.078905
uclust0150.w2.uc.cls;0.064070
uclust0150.w3.uc.cls;0.086250
uclust0150.w4.uc.cls;0.103152
uclust0150.w5.uc.cls;0.100371
uclust0155.w2.uc.cls;0.064070
uclust0155.w3.uc.cls;0.086250
uclust0155.w4.uc.cls;0.103152
uclust0155.w5.uc.cls;0.100371
uclust0160.w2.uc.cls;0.079168
uclust0160.w3.uc.cls;0.091155
uclust0160.w4.uc.cls;0.121618
uclust0160.w5.uc.cls;0.100979
uclust0165.w2.uc.cls;0.079168
uclust0165.w3.uc.cls;0.091155
uclust0165.w4.uc.cls;0.121618
uclust0165.w5.uc.cls;0.100979
uclust0170.w2.uc.cls;0.119481
uclust0170.w3.uc.cls;0.140143
uclust0170.w4.uc.cls;0.206571
uclust0170.w5.uc.cls;0.183673
uclust0175.w2.uc.cls;0.119481
uclust0175.w3.uc.cls;0.140143
uclust0175.w4.uc.cls;0.206571
uclust0175.w5.uc.cls;0.183673
uclust0180.w2.uc.cls;0.199126
uclust0180.w3.uc.cls;0.270340
uclust0180.w4.uc.cls;0.271125
uclust0180.w5.uc.cls;0.251258
uclust0185.w2.uc.cls;0.199126
uclust0185.w3.uc.cls;0.270340
uclust0185.w4.uc.cls;0.271125
uclust0185.w5.uc.cls;0.251258
uclust0190.w2.uc.cls;0.148497
uclust0190.w3.uc.cls;0.185274
uclust0190.w4.uc.cls;0.286181
uclust0190.w5.uc.cls;0.232458
uclust0195.w2.uc.cls;0.148497
uclust0195.w3.uc.cls;0.185274
uclust0195.w4.uc.cls;0.286181
uclust0195.w5.uc.cls;0.232458
uclust0200.w2.uc.cls;0.110567
uclust0200.w3.uc.cls;0.165012
uclust0200.w4.uc.cls;0.215573
uclust0200.w5.uc.cls;0.191555
uclust0205.w2.uc.cls;0.110567
uclust0205.w3.uc.cls;0.165012
uclust0205.w4.uc.cls;0.215573
uclust0205.w5.uc.cls;0.191555
uclust0210.w2.uc.cls;0.096343
uclust0210.w3.uc.cls;0.157117
uclust0210.w4.uc.cls;0.179981
uclust0210.w5.uc.cls;0.181214
uclust0215.w2.uc.cls;0.096343
uclust0215.w3.uc.cls;0.157117
uclust0215.w4.uc.cls;0.179981
uclust0215.w5.uc.cls;0.181214
uclust0220.w2.uc.cls;0.080712
uclust0220.w3.uc.cls;0.135965
uclust0220.w4.uc.cls;0.170814
uclust0220.w5.uc.cls;0.167871
uclust0225.w2.uc.cls;0.080712
uclust0225.w3.uc.cls;0.135965
uclust0225.w4.uc.cls;0.170814
uclust0225.w5.uc.cls;0.167871
uclust0230.w2.uc.cls;0.081524
uclust0230.w3.uc.cls;0.139211
uclust0230.w4.uc.cls;0.170592
uclust0230.w5.uc.cls;0.161102
uclust0235.w2.uc.cls;0.081524
uclust0235.w3.uc.cls;0.139211
uclust0235.w4.uc.cls;0.170592
uclust0235.w5.uc.cls;0.161102
uclust0240.w2.uc.cls;0.078447
uclust0240.w3.uc.cls;0.127668
uclust0240.w4.uc.cls;0.154901
uclust0240.w5.uc.cls;0.150382
uclust0245.w2.uc.cls;0.078447
uclust0245.w3.uc.cls;0.127668
uclust0245.w4.uc.cls;0.154901
uclust0245.w5.uc.cls;0.150382
uclust0250.w2.uc.cls;0.076849
uclust0250.w3.uc.cls;0.123912
uclust0250.w4.uc.cls;0.150013
uclust0250.w5.uc.cls;0.143705
uclust0255.w2.uc.cls;0.076849
uclust0255.w3.uc.cls;0.123912
uclust0255.w4.uc.cls;0.150013
uclust0255.w5.uc.cls;0.143705
uclust0260.w2.uc.cls;0.076483
uclust0260.w3.uc.cls;0.120351
uclust0260.w4.uc.cls;0.144916
uclust0260.w5.uc.cls;0.139135
uclust0265.w2.uc.cls;0.076483
uclust0265.w3.uc.cls;0.120351
uclust0265.w4.uc.cls;0.144916
uclust0265.w5.uc.cls;0.139135
uclust0270.w2.uc.cls;0.075178
uclust0270.w3.uc.cls;0.117791
uclust0270.w4.uc.cls;0.140347
uclust0270.w5.uc.cls;0.136357
uclust0275.w2.uc.cls;0.075178
uclust0275.w3.uc.cls;0.117791
uclust0275.w4.uc.cls;0.140347
uclust0275.w5.uc.cls;0.136357
uclust0280.w2.uc.cls;0.075472
uclust0280.w3.uc.cls;0.119646
uclust0280.w4.uc.cls;0.137927
uclust0280.w5.uc.cls;0.134078
uclust0285.w2.uc.cls;0.075472
uclust0285.w3.uc.cls;0.119646
uclust0285.w4.uc.cls;0.137927
uclust0285.w5.uc.cls;0.134078
uclust0290.w2.uc.cls;0.075235
uclust0290.w3.uc.cls;0.120785
uclust0290.w4.uc.cls;0.131148
uclust0290.w5.uc.cls;0.129730
uclust0295.w2.uc.cls;0.075235
uclust0295.w3.uc.cls;0.120785
uclust0295.w4.uc.cls;0.131148
uclust0295.w5.uc.cls;0.129730
uclust0300.w2.uc.cls;0.075235
uclust0300.w3.uc.cls;0.120603
uclust0300.w4.uc.cls;0.129730
uclust0300.w5.uc.cls;0.129032
uclust0305.w2.uc.cls;0.075235
uclust0305.w3.uc.cls;0.120603
uclust0305.w4.uc.cls;0.129730
uclust0305.w5.uc.cls;0.129032
uclust0310.w2.uc.cls;0.075000
uclust0310.w3.uc.cls;0.120603
uclust0310.w4.uc.cls;0.126984
uclust0310.w5.uc.cls;0.128342
uclust0315.w2.uc.cls;0.075000
uclust0315.w3.uc.cls;0.120603
uclust0315.w4.uc.cls;0.126984
uclust0315.w5.uc.cls;0.128342
uclust0320.w2.uc.cls;0.075000
uclust0320.w3.uc.cls;0.118812
uclust0320.w4.uc.cls;0.126984
uclust0320.w5.uc.cls;0.127660
uclust0325.w2.uc.cls;0.075000
uclust0325.w3.uc.cls;0.118812
uclust0325.w4.uc.cls;0.126984
uclust0325.w5.uc.cls;0.127660
uclust0330.w2.uc.cls;0.075000
uclust0330.w3.uc.cls;0.116505
uclust0330.w4.uc.cls;0.125000
uclust0330.w5.uc.cls;0.125654
uclust0335.w2.uc.cls;0.075000
uclust0335.w3.uc.cls;0.116505
uclust0335.w4.uc.cls;0.125000
uclust0335.w5.uc.cls;0.125654
uclust0340.w2.uc.cls;0.074766
uclust0340.w3.uc.cls;0.115385
uclust0340.w4.uc.cls;0.121827
uclust0340.w5.uc.cls;0.123077
uclust0345.w2.uc.cls;0.074766
uclust0345.w3.uc.cls;0.115385
uclust0345.w4.uc.cls;0.121827
uclust0345.w5.uc.cls;0.123077
uclust0350.w2.uc.cls;0.074303
uclust0350.w3.uc.cls;0.112676
uclust0350.w4.uc.cls;0.118227
uclust0350.w5.uc.cls;0.118227
uclust0355.w2.uc.cls;0.074303
uclust0355.w3.uc.cls;0.112676
uclust0355.w4.uc.cls;0.118227
uclust0355.w5.uc.cls;0.118227
uclust0360.w2.uc.cls;0.074534
uclust0360.w3.uc.cls;0.110092
uclust0360.w4.uc.cls;0.114833
uclust0360.w5.uc.cls;0.114286
uclust0365.w2.uc.cls;0.074534
uclust0365.w3.uc.cls;0.110092
uclust0365.w4.uc.cls;0.114833
uclust0365.w5.uc.cls;0.114286
uclust0370.w2.uc.cls;0.074534
uclust0370.w3.uc.cls;0.109589
uclust0370.w4.uc.cls;0.112676
uclust0370.w5.uc.cls;0.112150
uclust0375.w2.uc.cls;0.074534
uclust0375.w3.uc.cls;0.109589
uclust0375.w4.uc.cls;0.112676
uclust0375.w5.uc.cls;0.112150
uclust0380.w2.uc.cls;0.072727
uclust0380.w3.uc.cls;0.107623
uclust0380.w4.uc.cls;0.110599
uclust0380.w5.uc.cls;0.110092
uclust0385.w2.uc.cls;0.072727
uclust0385.w3.uc.cls;0.107623
uclust0385.w4.uc.cls;0.110599
uclust0385.w5.uc.cls;0.110092
uclust0390.w2.uc.cls;0.072727
uclust0390.w3.uc.cls;0.105727
uclust0390.w4.uc.cls;0.107623
uclust0390.w5.uc.cls;0.107623
uclust0395.w2.uc.cls;0.072727
uclust0395.w3.uc.cls;0.105727
uclust0395.w4.uc.cls;0.107623
uclust0395.w5.uc.cls;0.107623
uclust0400.w2.uc.cls;0.071856
uclust0400.w3.uc.cls;0.099585
uclust0400.w4.uc.cls;0.101695
uclust0400.w5.uc.cls;0.101695
uclust0405.w2.uc.cls;0.071856
uclust0405.w3.uc.cls;0.099585
uclust0405.w4.uc.cls;0.101695
uclust0405.w5.uc.cls;0.101695
uclust0410.w2.uc.cls;0.071642
uclust0410.w3.uc.cls;0.098765
uclust0410.w4.uc.cls;0.100000
uclust0410.w5.uc.cls;0.100000
uclust0415.w2.uc.cls;0.071642
uclust0415.w3.uc.cls;0.098765
uclust0415.w4.uc.cls;0.100000
uclust0415.w5.uc.cls;0.100000
uclust0420.w2.uc.cls;0.071642
uclust0420.w3.uc.cls;0.097166
uclust0420.w4.uc.cls;0.097561
uclust0420.w5.uc.cls;0.097561
uclust0425.w2.uc.cls;0.071642
uclust0425.w3.uc.cls;0.097166
uclust0425.w4.uc.cls;0.097561
uclust0425.w5.uc.cls;0.097561
uclust0430.w2.uc.cls;0.071642
uclust0430.w3.uc.cls;0.096000
uclust0430.w4.uc.cls;0.096386
uclust0430.w5.uc.cls;0.096386
uclust0435.w2.uc.cls;0.071642
uclust0435.w3.uc.cls;0.096000
uclust0435.w4.uc.cls;0.096386
uclust0435.w5.uc.cls;0.096386
uclust0440.w2.uc.cls;0.071217
uclust0440.w3.uc.cls;0.092664
uclust0440.w4.uc.cls;0.092664
uclust0440.w5.uc.cls;0.092664
uclust0445.w2.uc.cls;0.071217
uclust0445.w3.uc.cls;0.092664
uclust0445.w4.uc.cls;0.092664
uclust0445.w5.uc.cls;0.092664
uclust0450.w2.uc.cls;0.070796
uclust0450.w3.uc.cls;0.090909
uclust0450.w4.uc.cls;0.090909
uclust0450.w5.uc.cls;0.090909
uclust0455.w2.uc.cls;0.070796
uclust0455.w3.uc.cls;0.090909
uclust0455.w4.uc.cls;0.090909
uclust0455.w5.uc.cls;0.090909
uclust0460.w2.uc.cls;0.070588
uclust0460.w3.uc.cls;0.088889
uclust0460.w4.uc.cls;0.088889
uclust0460.w5.uc.cls;0.088889
uclust0465.w2.uc.cls;0.070588
uclust0465.w3.uc.cls;0.088889
uclust0465.w4.uc.cls;0.088889
uclust0465.w5.uc.cls;0.088889
uclust0470.w2.uc.cls;0.070588
uclust0470.w3.uc.cls;0.087273
uclust0470.w4.uc.cls;0.087273
uclust0470.w5.uc.cls;0.087273
uclust0475.w2.uc.cls;0.070588
uclust0475.w3.uc.cls;0.087273
uclust0475.w4.uc.cls;0.087273
uclust0475.w5.uc.cls;0.087273
uclust0480.w2.uc.cls;0.069565
uclust0480.w3.uc.cls;0.085409
uclust0480.w4.uc.cls;0.085409
uclust0480.w5.uc.cls;0.085409
uclust0485.w2.uc.cls;0.069565
uclust0485.w3.uc.cls;0.085409
uclust0485.w4.uc.cls;0.085409
uclust0485.w5.uc.cls;0.085409
uclust0490.w2.uc.cls;0.069565
uclust0490.w3.uc.cls;0.084507
uclust0490.w4.uc.cls;0.084507
uclust0490.w5.uc.cls;0.084507
uclust0495.w2.uc.cls;0.069565
uclust0495.w3.uc.cls;0.084507
uclust0495.w4.uc.cls;0.084507
uclust0495.w5.uc.cls;0.084507
uclust0500.w2.uc.cls;0.069164
uclust0500.w3.uc.cls;0.082474
uclust0500.w4.uc.cls;0.082474
uclust0500.w5.uc.cls;0.082474
uclust0505.w2.uc.cls;0.069164
uclust0505.w3.uc.cls;0.082474
uclust0505.w4.uc.cls;0.082474
uclust0505.w5.uc.cls;0.082474
uclust0510.w2.uc.cls;0.068571
uclust0510.w3.uc.cls;0.081633
uclust0510.w4.uc.cls;0.081633
uclust0510.w5.uc.cls;0.081633
uclust0515.w2.uc.cls;0.068571
uclust0515.w3.uc.cls;0.081633
uclust0515.w4.uc.cls;0.081633
uclust0515.w5.uc.cls;0.081633
uclust0520.w2.uc.cls;0.068571
uclust0520.w3.uc.cls;0.080537
uclust0520.w4.uc.cls;0.080537
uclust0520.w5.uc.cls;0.080537
uclust0525.w2.uc.cls;0.068571
uclust0525.w3.uc.cls;0.080537
uclust0525.w4.uc.cls;0.080537
uclust0525.w5.uc.cls;0.080537
uclust0530.w2.uc.cls;0.068376
uclust0530.w3.uc.cls;0.078947
uclust0530.w4.uc.cls;0.078947
uclust0530.w5.uc.cls;0.078947
uclust0535.w2.uc.cls;0.068376
uclust0535.w3.uc.cls;0.078947
uclust0535.w4.uc.cls;0.078947
uclust0535.w5.uc.cls;0.078947
uclust0540.w2.uc.cls;0.068376
uclust0540.w3.uc.cls;0.077922
uclust0540.w4.uc.cls;0.077922
uclust0540.w5.uc.cls;0.077922
uclust0545.w2.uc.cls;0.068376
uclust0545.w3.uc.cls;0.077922
uclust0545.w4.uc.cls;0.077922
uclust0545.w5.uc.cls;0.077922
uclust0550.w2.uc.cls;0.068376
uclust0550.w3.uc.cls;0.076923
uclust0550.w4.uc.cls;0.076923
uclust0550.w5.uc.cls;0.076923
uclust0555.w2.uc.cls;0.068376
uclust0555.w3.uc.cls;0.076923
uclust0555.w4.uc.cls;0.076923
uclust0555.w5.uc.cls;0.076923
uclust0560.w2.uc.cls;0.068376
uclust0560.w3.uc.cls;0.076190
uclust0560.w4.uc.cls;0.076190
uclust0560.w5.uc.cls;0.076190
uclust0565.w2.uc.cls;0.068376
uclust0565.w3.uc.cls;0.076190
uclust0565.w4.uc.cls;0.076190
uclust0565.w5.uc.cls;0.076190
uclust0570.w2.uc.cls;0.068376
uclust0570.w3.uc.cls;0.075472
uclust0570.w4.uc.cls;0.075472
uclust0570.w5.uc.cls;0.075472
uclust0575.w2.uc.cls;0.068376
uclust0575.w3.uc.cls;0.075472
uclust0575.w4.uc.cls;0.075472
uclust0575.w5.uc.cls;0.075472
uclust0580.w2.uc.cls;0.068376
uclust0580.w3.uc.cls;0.075000
uclust0580.w4.uc.cls;0.075000
uclust0580.w5.uc.cls;0.075000
uclust0585.w2.uc.cls;0.068376
uclust0585.w3.uc.cls;0.075000
uclust0585.w4.uc.cls;0.075000
uclust0585.w5.uc.cls;0.075000
uclust0590.w2.uc.cls;0.068376
uclust0590.w3.uc.cls;0.074534
uclust0590.w4.uc.cls;0.074534
uclust0590.w5.uc.cls;0.074534
uclust0595.w2.uc.cls;0.068376
uclust0595.w3.uc.cls;0.074534
uclust0595.w4.uc.cls;0.074534
uclust0595.w5.uc.cls;0.074534
uclust0600.w2.uc.cls;0.068182
uclust0600.w3.uc.cls;0.073394
uclust0600.w4.uc.cls;0.073394
uclust0600.w5.uc.cls;0.073394
uclust0605.w2.uc.cls;0.068182
uclust0605.w3.uc.cls;0.073394
uclust0605.w4.uc.cls;0.073394
uclust0605.w5.uc.cls;0.073394
uclust0610.w2.uc.cls;0.068182
uclust0610.w3.uc.cls;0.072727
uclust0610.w4.uc.cls;0.072727
uclust0610.w5.uc.cls;0.072727
uclust0615.w2.uc.cls;0.068182
uclust0615.w3.uc.cls;0.072727
uclust0615.w4.uc.cls;0.072727
uclust0615.w5.uc.cls;0.072727
uclust0620.w2.uc.cls;0.067039
uclust0620.w3.uc.cls;0.071856
uclust0620.w4.uc.cls;0.071856
uclust0620.w5.uc.cls;0.071856
uclust0625.w2.uc.cls;0.067039
uclust0625.w3.uc.cls;0.071856
uclust0625.w4.uc.cls;0.071856
uclust0625.w5.uc.cls;0.071856
uclust0630.w2.uc.cls;0.067039
uclust0630.w3.uc.cls;0.071856
uclust0630.w4.uc.cls;0.071856
uclust0630.w5.uc.cls;0.071856
uclust0635.w2.uc.cls;0.067039
uclust0635.w3.uc.cls;0.071856
uclust0635.w4.uc.cls;0.071856
uclust0635.w5.uc.cls;0.071856
uclust0640.w2.uc.cls;0.066667
uclust0640.w3.uc.cls;0.071006
uclust0640.w4.uc.cls;0.071006
uclust0640.w5.uc.cls;0.071006
uclust0645.w2.uc.cls;0.066667
uclust0645.w3.uc.cls;0.071006
uclust0645.w4.uc.cls;0.071006
uclust0645.w5.uc.cls;0.071006
uclust0650.w2.uc.cls;0.066667
uclust0650.w3.uc.cls;0.070588
uclust0650.w4.uc.cls;0.070588
uclust0650.w5.uc.cls;0.070588
uclust0655.w2.uc.cls;0.066667
uclust0655.w3.uc.cls;0.070588
uclust0655.w4.uc.cls;0.070588
uclust0655.w5.uc.cls;0.070588
uclust0660.w2.uc.cls;0.066667
uclust0660.w3.uc.cls;0.069971
uclust0660.w4.uc.cls;0.069971
uclust0660.w5.uc.cls;0.069971
uclust0665.w2.uc.cls;0.066667
uclust0665.w3.uc.cls;0.069971
uclust0665.w4.uc.cls;0.069971
uclust0665.w5.uc.cls;0.069971
uclust0670.w2.uc.cls;0.066667
uclust0670.w3.uc.cls;0.069565
uclust0670.w4.uc.cls;0.069565
uclust0670.w5.uc.cls;0.069565
uclust0675.w2.uc.cls;0.066667
uclust0675.w3.uc.cls;0.069565
uclust0675.w4.uc.cls;0.069565
uclust0675.w5.uc.cls;0.069565
uclust0680.w2.uc.cls;0.066482
uclust0680.w3.uc.cls;0.069164
uclust0680.w4.uc.cls;0.069164
uclust0680.w5.uc.cls;0.069164
uclust0685.w2.uc.cls;0.066482
uclust0685.w3.uc.cls;0.069164
uclust0685.w4.uc.cls;0.069164
uclust0685.w5.uc.cls;0.069164
uclust0690.w2.uc.cls;0.066116
uclust0690.w3.uc.cls;0.068182
uclust0690.w4.uc.cls;0.068182
uclust0690.w5.uc.cls;0.068182
uclust0695.w2.uc.cls;0.066116
uclust0695.w3.uc.cls;0.068182
uclust0695.w4.uc.cls;0.068182
uclust0695.w5.uc.cls;0.068182
uclust0700.w2.uc.cls;0.065574
uclust0700.w3.uc.cls;0.067606
uclust0700.w4.uc.cls;0.067606
uclust0700.w5.uc.cls;0.067606
uclust0705.w2.uc.cls;0.065574
uclust0705.w3.uc.cls;0.067606
uclust0705.w4.uc.cls;0.067606
uclust0705.w5.uc.cls;0.067606
uclust0710.w2.uc.cls;0.065395
uclust0710.w3.uc.cls;0.067039
uclust0710.w4.uc.cls;0.067039
uclust0710.w5.uc.cls;0.067039
uclust0715.w2.uc.cls;0.065395
uclust0715.w3.uc.cls;0.067039
uclust0715.w4.uc.cls;0.067039
uclust0715.w5.uc.cls;0.067039
uclust0720.w2.uc.cls;0.065041
uclust0720.w3.uc.cls;0.066852
uclust0720.w4.uc.cls;0.066852
uclust0720.w5.uc.cls;0.066852
uclust0725.w2.uc.cls;0.065041
uclust0725.w3.uc.cls;0.066852
uclust0725.w4.uc.cls;0.066852
uclust0725.w5.uc.cls;0.066852
uclust0730.w2.uc.cls;0.065041
uclust0730.w3.uc.cls;0.066482
uclust0730.w4.uc.cls;0.066482
uclust0730.w5.uc.cls;0.066482
uclust0735.w2.uc.cls;0.065041
uclust0735.w3.uc.cls;0.066482
uclust0735.w4.uc.cls;0.066482
uclust0735.w5.uc.cls;0.066482
uclust0740.w2.uc.cls;0.065041
uclust0740.w3.uc.cls;0.066298
uclust0740.w4.uc.cls;0.066298
uclust0740.w5.uc.cls;0.066298
uclust0745.w2.uc.cls;0.065041
uclust0745.w3.uc.cls;0.066298
uclust0745.w4.uc.cls;0.066298
uclust0745.w5.uc.cls;0.066298
uclust0750.w2.uc.cls;0.065041
uclust0750.w3.uc.cls;0.065934
uclust0750.w4.uc.cls;0.065934
uclust0750.w5.uc.cls;0.065934
uclust0755.w2.uc.cls;0.065041
uclust0755.w3.uc.cls;0.065934
uclust0755.w4.uc.cls;0.065934
uclust0755.w5.uc.cls;0.065934
uclust0760.w2.uc.cls;0.064690
uclust0760.w3.uc.cls;0.065395
uclust0760.w4.uc.cls;0.065395
uclust0760.w5.uc.cls;0.065395
uclust0765.w2.uc.cls;0.064690
uclust0765.w3.uc.cls;0.065395
uclust0765.w4.uc.cls;0.065395
uclust0765.w5.uc.cls;0.065395
uclust0770.w2.uc.cls;0.064000
uclust0770.w3.uc.cls;0.064865
uclust0770.w4.uc.cls;0.064865
uclust0770.w5.uc.cls;0.064865
uclust0775.w2.uc.cls;0.064000
uclust0775.w3.uc.cls;0.064865
uclust0775.w4.uc.cls;0.064865
uclust0775.w5.uc.cls;0.064865
uclust0780.w2.uc.cls;0.063492
uclust0780.w3.uc.cls;0.064000
uclust0780.w4.uc.cls;0.064000
uclust0780.w5.uc.cls;0.064000
uclust0785.w2.uc.cls;0.063492
uclust0785.w3.uc.cls;0.064000
uclust0785.w4.uc.cls;0.064000
uclust0785.w5.uc.cls;0.064000
uclust0790.w2.uc.cls;0.063492
uclust0790.w3.uc.cls;0.064000
uclust0790.w4.uc.cls;0.064000
uclust0790.w5.uc.cls;0.064000
uclust0795.w2.uc.cls;0.063492
uclust0795.w3.uc.cls;0.064000
uclust0795.w4.uc.cls;0.064000
uclust0795.w5.uc.cls;0.064000
uclust0800.w2.uc.cls;0.062663
uclust0800.w3.uc.cls;0.063492
uclust0800.w4.uc.cls;0.063492
uclust0800.w5.uc.cls;0.063492
uclust0805.w2.uc.cls;0.062663
uclust0805.w3.uc.cls;0.063492
uclust0805.w4.uc.cls;0.063492
uclust0805.w5.uc.cls;0.063492
uclust0810.w2.uc.cls;0.062663
uclust0810.w3.uc.cls;0.063325
uclust0810.w4.uc.cls;0.063325
uclust0810.w5.uc.cls;0.063325
uclust0815.w2.uc.cls;0.062663
uclust0815.w3.uc.cls;0.063325
uclust0815.w4.uc.cls;0.063325
uclust0815.w5.uc.cls;0.063325
uclust0820.w2.uc.cls;0.062338
uclust0820.w3.uc.cls;0.062827
uclust0820.w4.uc.cls;0.062827
uclust0820.w5.uc.cls;0.062827
uclust0825.w2.uc.cls;0.062338
uclust0825.w3.uc.cls;0.062827
uclust0825.w4.uc.cls;0.062827
uclust0825.w5.uc.cls;0.062827
uclust0830.w2.uc.cls;0.062663
uclust0830.w3.uc.cls;0.062827
uclust0830.w4.uc.cls;0.062827
uclust0830.w5.uc.cls;0.062827
uclust0835.w2.uc.cls;0.062663
uclust0835.w3.uc.cls;0.062827
uclust0835.w4.uc.cls;0.062827
uclust0835.w5.uc.cls;0.062827
uclust0840.w2.uc.cls;0.062500
uclust0840.w3.uc.cls;0.062500
uclust0840.w4.uc.cls;0.062500
uclust0840.w5.uc.cls;0.062500
uclust0845.w2.uc.cls;0.062500
uclust0845.w3.uc.cls;0.062500
uclust0845.w4.uc.cls;0.062500
uclust0845.w5.uc.cls;0.062500
uclust0850.w2.uc.cls;0.062338
uclust0850.w3.uc.cls;0.062500
uclust0850.w4.uc.cls;0.062500
uclust0850.w5.uc.cls;0.062500
uclust0855.w2.uc.cls;0.062338
uclust0855.w3.uc.cls;0.062500
uclust0855.w4.uc.cls;0.062500
uclust0855.w5.uc.cls;0.062500
uclust0860.w2.uc.cls;0.062176
uclust0860.w3.uc.cls;0.062500
uclust0860.w4.uc.cls;0.062500
uclust0860.w5.uc.cls;0.062500
uclust0865.w2.uc.cls;0.062176
uclust0865.w3.uc.cls;0.062500
uclust0865.w4.uc.cls;0.062500
uclust0865.w5.uc.cls;0.062500
uclust0870.w2.uc.cls;0.062176
uclust0870.w3.uc.cls;0.062338
uclust0870.w4.uc.cls;0.062338
uclust0870.w5.uc.cls;0.062338
uclust0875.w2.uc.cls;0.062176
uclust0875.w3.uc.cls;0.062338
uclust0875.w4.uc.cls;0.062338
uclust0875.w5.uc.cls;0.062338
uclust0880.w2.uc.cls;0.062016
uclust0880.w3.uc.cls;0.062176
uclust0880.w4.uc.cls;0.062176
uclust0880.w5.uc.cls;0.062176
uclust0885.w2.uc.cls;0.062016
uclust0885.w3.uc.cls;0.062176
uclust0885.w4.uc.cls;0.062176
uclust0885.w5.uc.cls;0.062176
uclust0890.w2.uc.cls;0.061856
uclust0890.w3.uc.cls;0.062176
uclust0890.w4.uc.cls;0.062176
uclust0890.w5.uc.cls;0.062176
uclust0895.w2.uc.cls;0.061856
uclust0895.w3.uc.cls;0.062176
uclust0895.w4.uc.cls;0.062176
uclust0895.w5.uc.cls;0.062176
uclust0900.w2.uc.cls;0.061381
uclust0900.w3.uc.cls;0.061856
uclust0900.w4.uc.cls;0.061856
uclust0900.w5.uc.cls;0.061856
uclust0905.w2.uc.cls;0.061381
uclust0905.w3.uc.cls;0.061856
uclust0905.w4.uc.cls;0.061856
uclust0905.w5.uc.cls;0.061856
uclust0910.w2.uc.cls;0.061224
uclust0910.w3.uc.cls;0.061538
uclust0910.w4.uc.cls;0.061538
uclust0910.w5.uc.cls;0.061538
uclust0915.w2.uc.cls;0.061224
uclust0915.w3.uc.cls;0.061538
uclust0915.w4.uc.cls;0.061538
uclust0915.w5.uc.cls;0.061538
uclust0920.w2.uc.cls;0.061381
uclust0920.w3.uc.cls;0.061381
uclust0920.w4.uc.cls;0.061381
uclust0920.w5.uc.cls;0.061381
uclust0925.w2.uc.cls;0.061381
uclust0925.w3.uc.cls;0.061381
uclust0925.w4.uc.cls;0.061381
uclust0925.w5.uc.cls;0.061381
uclust0930.w2.uc.cls;0.060302
uclust0930.w3.uc.cls;0.060453
uclust0930.w4.uc.cls;0.060453
uclust0930.w5.uc.cls;0.060453
uclust0935.w2.uc.cls;0.060302
uclust0935.w3.uc.cls;0.060453
uclust0935.w4.uc.cls;0.060453
uclust0935.w5.uc.cls;0.060453
uclust0940.w2.uc.cls;0.060150
uclust0940.w3.uc.cls;0.060302
uclust0940.w4.uc.cls;0.060302
uclust0940.w5.uc.cls;0.060302
uclust0945.w2.uc.cls;0.060150
uclust0945.w3.uc.cls;0.060302
uclust0945.w4.uc.cls;0.060302
uclust0945.w5.uc.cls;0.060302
uclust0950.w2.uc.cls;0.059850
uclust0950.w3.uc.cls;0.060000
uclust0950.w4.uc.cls;0.060000
uclust0950.w5.uc.cls;0.060000
uclust0955.w2.uc.cls;0.059850
uclust0955.w3.uc.cls;0.060000
uclust0955.w4.uc.cls;0.060000
uclust0955.w5.uc.cls;0.060000
uclust0960.w2.uc.cls;0.059553
uclust0960.w3.uc.cls;0.059701
uclust0960.w4.uc.cls;0.059701
uclust0960.w5.uc.cls;0.059701
uclust0965.w2.uc.cls;0.059553
uclust0965.w3.uc.cls;0.059701
uclust0965.w4.uc.cls;0.059701
uclust0965.w5.uc.cls;0.059701
uclust0970.w2.uc.cls;0.059406
uclust0970.w3.uc.cls;0.059406
uclust0970.w4.uc.cls;0.059406
uclust0970.w5.uc.cls;0.059406
uclust0975.w2.uc.cls;0.059406
uclust0975.w3.uc.cls;0.059406
uclust0975.w4.uc.cls;0.059406
uclust0975.w5.uc.cls;0.059406
uclust0980.w2.uc.cls;0.059406
uclust0980.w3.uc.cls;0.059406
uclust0980.w4.uc.cls;0.059406
uclust0980.w5.uc.cls;0.059406
uclust0985.w2.uc.cls;0.059406
uclust0985.w3.uc.cls;0.059406
uclust0985.w4.uc.cls;0.059406
uclust0985.w5.uc.cls;0.059406
uclust0990.w2.uc.cls;0.058968
uclust0990.w3.uc.cls;0.058968
uclust0990.w4.uc.cls;0.058968
uclust0990.w5.uc.cls;0.058968
uclust0995.w2.uc.cls;0.058968
uclust0995.w3.uc.cls;0.058968
uclust0995.w4.uc.cls;0.058968
uclust0995.w5.uc.cls;0.058968
uclust1000.w2.uc.cls;0.041667
uclust1000.w3.uc.cls;0.041667
uclust1000.w4.uc.cls;0.041667
uclust1000.w5.uc.cls;0.041667
